[{"did":"71","mname":"\u70df\u82b1","dtime":"00:00:00","dseat":"2_10,2_9","dprice":"70","db":"admin","ddate":"2018-04-09","zt":"\u5df2\u652f\u4ed8"},{"did":"712","mname":"\u70df\u82b1","dtime":"00:00:00","dseat":"2_10,2_9","dprice":"70","db":"admin","ddate":"2018-04-09","zt":"\u9000\u6b3e\u4e2d"},{"did":"35468","mname":"\u70df\u82b1","dtime":"14:45:00","dseat":"6_6,5_6","dprice":"50","db":"test","ddate":"2018-04-06","zt":"\u5df2\u652f\u4ed8"},{"did":"48549","mname":"\u70df\u82b1","dtime":"14:45:00","dseat":"5_9,6_9","dprice":"50","db":"test","ddate":"2018-04-06","zt":"\u9000\u6b3e\u4e2d"},{"did":"55950","mname":"\u70df\u82b1","dtime":"14:45:00","dseat":"4_8,5_8,6_8","dprice":"75","db":"test","ddate":"2018-04-06","zt":"\u9000\u6b3e\u4e2d"},{"did":"81401","mname":"\u70df\u82b1","dtime":"14:45:00","dseat":"4_7,5_7","dprice":"50","db":"test","ddate":"2018-04-06","zt":"\u9000\u6b3e\u4e2d"},{"did":"94503","mname":"\u5e15\u4e01\u987f\u718a2","dtime":"20:00:00","dseat":"5_6,6_6","dprice":"60","db":"test","ddate":"2018-04-09","zt":"\u9000\u6b3e\u4e2d"}]